Order ID,Region,Category,Date,Revenue,Cost,Discount,Units Sold,Profit
ORD-000001,East,Furniture,2024-01-25,604.52,379.64,0.34,3,224.88
ORD-000002,East,Clothing,2024-01-23,239.52,140.67,0.13,4,98.85
ORD-000003,East,Groceries,2024-01-19,160.28,116.65,0.08,4,43.63
ORD-000004,East,Furniture,2024-01-02,1000.05,719.42,0.27,5,280.63
ORD-000005,East,Furniture,2024-01-28,176.69,131.51,0.07,1,45.18
ORD-000006,East,Furniture,2024-01-02,567.42,413.15,0.26,3,154.27
ORD-000007,East,Groceries,2024-01-10,95.23,69.76,0.07,3,25.47
ORD-000008,East,Electronics,2024-01-14,797.1,527.54,0.15,4,269.56
ORD-000009,East,Groceries,2024-01-20,149.43,119.22,0.28,4,30.21
ORD-000010,East,Furniture,2024-01-09,999.21,635.26,0.07,5,363.95
ORD-000011,East,Electronics,2024-01-23,949.25,633.44,0.27,4,315.81
ORD-000012,East,Furniture,2024-01-16,522.46,329.92,0.23,3,192.54
ORD-000013,East,Furniture,2024-01-16,864.55,622.39,0.19,5,242.16
ORD-000014,East,Furniture,2024-01-09,690.49,473.84,0.08,4,216.65
ORD-000015,East,Furniture,2024-01-24,785.56,488.55,0.1,5,297.01
ORD-000016,East,Electronics,2024-01-19,627.01,426.06,0.23,3,200.95
ORD-000017,East,Furniture,2024-01-23,498.77,307.17,0.03,3,191.6
ORD-000018,East,Clothing,2024-01-13,226.85,134.9,0.05,4,91.95
ORD-000019,East,Clothing,2024-01-13,177.89,100.64,0.22,3,77.25
ORD-000020,East,Furniture,2024-01-03,767.91,595.53,0.32,5,172.38
ORD-000021,East,Clothing,2024-01-08,210.37,133.57,0.25,3,76.8
ORD-000022,East,Furniture,2024-01-08,642.42,491.74,0.16,4,150.68
ORD-000023,East,Electronics,2024-01-09,905.47,530.06,0.3,4,375.41
ORD-000024,East,Clothing,2024-01-21,185.1,113.46,0.2,3,71.64
ORD-000025,East,Clothing,2024-01-03,245.22,129.48,0.17,4,115.74
ORD-000026,East,Electronics,2024-01-05,1048.92,680.84,0.06,4,368.08
ORD-000027,East,Groceries,2024-01-17,148.35,111.91,0.01,5,36.44
ORD-000028,East,Groceries,2024-01-14,109.03,72.28,0.17,3,36.75
ORD-000029,East,Furniture,2024-01-27,479.54,332.08,0.09,3,147.46
ORD-000030,East,Electronics,2024-01-15,613.26,344.25,0.29,3,269.01
ORD-000031,East,Groceries,2024-01-04,92.73,61.9,0.24,3,30.83
ORD-000032,East,Electronics,2024-01-19,543.99,368.36,0.04,2,175.63
ORD-000033,East,Groceries,2024-01-07,155.86,116.56,0.13,5,39.3
ORD-000034,East,Groceries,2024-01-23,94.22,77.22,0.1,3,17.0
ORD-000035,East,Furniture,2024-01-08,831.99,532.46,0.02,5,299.53
ORD-000036,East,Furniture,2024-01-28,918.83,679.26,0.31,5,239.57
ORD-000037,East,Groceries,2024-01-15,40.94,32.22,0.23,1,8.72
ORD-000038,East,Furniture,2024-01-03,1082.13,710.55,0.33,5,371.58
ORD-000039,East,Electronics,2024-01-04,270.55,157.39,0.06,1,113.16
ORD-000040,East,Furniture,2024-01-25,852.26,566.54,0.27,4,285.72
ORD-000041,East,Groceries,2024-01-15,102.96,66.98,0.08,3,35.98
ORD-000042,East,Electronics,2024-01-19,172.02,109.49,0.24,1,62.53
ORD-000043,East,Furniture,2024-01-06,518.78,380.59,0.26,3,138.19
ORD-000044,East,Electronics,2024-01-04,699.85,433.64,0.11,3,266.21
ORD-000045,East,Furniture,2024-01-19,634.01,418.89,0.32,3,215.12
ORD-000046,East,Electronics,2024-01-16,674.13,387.23,0.05,3,286.9
ORD-000047,East,Furniture,2024-01-28,225.47,173.75,0.28,1,51.72
ORD-000048,East,Furniture,2024-01-22,747.79,471.52,0.29,4,276.27
ORD-000049,East,Clothing,2024-01-07,176.52,107.65,0.3,3,68.87
ORD-000050,East,Clothing,2024-01-12,108.01,66.59,0.3,2,41.42
ORD-000051,East,Furniture,2024-01-07,462.7,341.85,0.29,3,120.85
ORD-000052,East,Electronics,2024-01-02,1052.45,611.11,0.29,5,441.34
ORD-000053,East,Electronics,2024-01-05,1207.55,704.8,0.1,5,502.75
ORD-000054,East,Electronics,2024-01-04,641.4,363.41,0.06,3,277.99
ORD-000055,East,Electronics,2024-01-17,745.28,461.34,0.11,3,283.94
ORD-000056,East,Furniture,2024-01-25,660.28,408.97,0.06,4,251.31
ORD-000057,East,Electronics,2024-01-07,531.43,330.83,0.02,2,200.6
ORD-000058,East,Furniture,2024-01-15,787.53,593.55,0.02,5,193.98
ORD-000059,East,Groceries,2024-01-03,156.48,126.82,0.34,4,29.66
ORD-000060,East,Clothing,2024-01-22,181.14,115.02,0.05,3,66.12
ORD-000061,East,Furniture,2024-01-15,429.53,296.67,0.13,2,132.86
ORD-000062,East,Clothing,2024-01-08,114.76,67.86,0.15,2,46.9
ORD-000063,East,Electronics,2024-01-11,488.06,297.11,0.13,2,190.95
ORD-000064,East,Clothing,2024-01-09,140.26,91.85,0.17,2,48.41
ORD-000065,East,Electronics,2024-01-15,813.64,536.31,0.28,3,277.33
ORD-000066,East,Furniture,2024-01-18,662.2,488.0,0.07,4,174.2
ORD-000067,East,Clothing,2024-01-25,181.53,110.93,0.03,3,70.6
ORD-000068,East,Clothing,2024-01-03,149.05,80.77,0.34,3,68.28
ORD-000069,East,Clothing,2024-01-17,194.31,123.83,0.33,3,70.48
ORD-000070,East,Electronics,2024-01-17,811.91,530.59,0.06,4,281.32
ORD-000071,West,Furniture,2024-01-14,560.09,415.51,0.28,3,144.58
ORD-000072,West,Furniture,2024-01-17,335.35,212.06,0.04,2,123.29
ORD-000073,West,Electronics,2024-01-19,730.57,495.34,0.23,3,235.23
ORD-000074,West,Electronics,2024-01-26,905.1,543.0,0.13,4,362.1
ORD-000075,West,Electronics,2024-01-05,460.72,323.93,0.15,2,136.79
ORD-000076,West,Furniture,2024-01-21,164.63,126.95,0.27,1,37.68
ORD-000077,West,Furniture,2024-01-11,211.12,154.97,0.33,1,56.15
ORD-000078,West,Electronics,2024-01-24,429.3,247.66,0.21,2,181.64
ORD-000079,West,Clothing,2024-01-01,210.63,135.16,0.1,3,75.47
ORD-000080,West,Furniture,2024-01-13,379.5,291.51,0.27,2,87.99
ORD-000081,West,Electronics,2024-01-28,442.88,266.62,0.29,2,176.26
ORD-000082,West,Electronics,2024-01-28,812.76,535.42,0.03,4,277.34
ORD-000083,West,Groceries,2024-01-01,160.81,108.34,0.27,5,52.47
ORD-000084,West,Electronics,2024-01-26,234.2,132.0,0.0,1,102.2
ORD-000085,West,Electronics,2024-01-17,941.51,560.18,0.3,5,381.33
ORD-000086,West,Electronics,2024-01-23,850.42,576.31,0.24,4,274.11
ORD-000087,West,Groceries,2024-01-02,95.74,64.19,0.18,3,31.55
ORD-000088,West,Clothing,2024-01-18,162.79,88.64,0.26,3,74.15
ORD-000089,West,Electronics,2024-01-08,242.27,172.0,0.21,1,70.27
ORD-000090,West,Electronics,2024-01-18,232.9,161.88,0.25,1,71.02
ORD-000091,West,Electronics,2024-01-03,412.69,292.97,0.16,2,119.72
ORD-000092,West,Clothing,2024-01-18,124.83,67.79,0.33,2,57.04
ORD-000093,West,Electronics,2024-01-17,750.18,494.09,0.33,3,256.09
ORD-000094,West,Electronics,2024-01-15,688.21,434.6,0.04,3,253.61
ORD-000095,West,Electronics,2024-01-08,1251.65,781.44,0.21,5,470.21
ORD-000096,West,Clothing,2024-01-12,271.45,150.26,0.21,5,121.19
ORD-000097,West,Electronics,2024-01-02,1061.97,670.62,0.08,5,391.35
ORD-000098,West,Furniture,2024-01-16,342.84,247.58,0.23,2,95.26
ORD-000099,West,Electronics,2024-01-23,499.91,312.38,0.22,2,187.53
ORD-000100,West,Furniture,2024-01-15,1068.89,815.23,0.32,5,253.66
ORD-000101,West,Furniture,2024-01-15,655.71,436.35,0.29,4,219.36
ORD-000102,West,Furniture,2024-01-04,194.97,147.23,0.02,1,47.74
ORD-000103,West,Electronics,2024-01-10,636.0,385.83,0.26,3,250.17
ORD-000104,West,Electronics,2024-01-24,551.61,339.63,0.05,3,211.98
ORD-000105,West,Clothing,2024-01-04,168.16,111.15,0.35,4,57.01
ORD-000106,West,Clothing,2024-01-09,190.33,118.82,0.14,3,71.51
ORD-000107,West,Clothing,2024-01-01,131.95,78.92,0.06,2,53.03
ORD-000108,West,Electronics,2024-01-24,802.48,516.94,0.29,3,285.54
ORD-000109,West,Groceries,2024-01-04,165.69,119.08,0.03,4,46.61
ORD-000110,West,Clothing,2024-01-13,72.39,39.37,0.06,1,33.02
ORD-000111,West,Groceries,2024-01-02,145.02,101.6,0.17,5,43.42
ORD-000112,West,Furniture,2024-01-14,655.15,428.09,0.3,4,227.06
ORD-000113,West,Clothing,2024-01-19,174.61,110.46,0.02,3,64.15
ORD-000114,West,Furniture,2024-01-16,779.59,589.03,0.17,4,190.56
ORD-000115,West,Clothing,2024-01-24,237.5,155.3,0.21,4,82.2
ORD-000116,West,Groceries,2024-01-10,62.92,45.29,0.32,2,17.63
ORD-000117,West,Clothing,2024-01-05,133.69,73.5,0.01,2,60.19
ORD-000118,West,Groceries,2024-01-13,143.19,108.21,0.0,4,34.98
ORD-000119,West,Electronics,2024-01-20,225.07,159.84,0.22,1,65.23
ORD-000120,West,Furniture,2024-01-22,940.12,690.54,0.34,5,249.58
ORD-000121,West,Clothing,2024-01-25,196.11,123.2,0.15,3,72.91
ORD-000122,West,Furniture,2024-01-19,1091.96,851.05,0.1,5,240.91
ORD-000123,West,Clothing,2024-01-21,285.12,153.95,0.01,5,131.17
ORD-000124,West,Clothing,2024-01-14,330.73,194.94,0.34,5,135.79
ORD-000125,West,Furniture,2024-01-23,209.74,148.17,0.28,1,61.57
ORD-000126,West,Groceries,2024-01-24,110.8,79.23,0.02,3,31.57
ORD-000127,West,Electronics,2024-01-19,927.24,628.6,0.3,5,298.64
ORD-000128,West,Clothing,2024-01-23,123.53,68.68,0.22,2,54.85
ORD-000129,West,Groceries,2024-01-01,108.44,83.49,0.01,3,24.95
ORD-000130,West,Furniture,2024-01-26,847.9,553.17,0.3,4,294.73
ORD-000131,West,Furniture,2024-01-24,685.82,488.55,0.14,4,197.27
ORD-000132,West,Electronics,2024-01-25,577.46,329.81,0.12,3,247.65
ORD-000133,West,Clothing,2024-01-23,230.28,130.1,0.14,3,100.18
ORD-000134,West,Electronics,2024-01-17,178.74,110.61,0.32,1,68.13
ORD-000135,West,Furniture,2024-01-04,439.77,274.16,0.07,2,165.61
ORD-000136,West,Electronics,2024-01-13,449.47,274.72,0.15,2,174.75
ORD-000137,West,Groceries,2024-01-22,157.04,109.81,0.31,5,47.23
ORD-000138,West,Electronics,2024-01-10,699.31,447.61,0.26,3,251.7
ORD-000139,West,Furniture,2024-01-19,660.89,431.58,0.11,4,229.31
ORD-000140,West,Electronics,2024-01-25,460.81,297.24,0.28,2,163.57
ORD-000141,West,Clothing,2024-01-13,258.69,172.35,0.24,4,86.34
ORD-000142,West,Clothing,2024-01-26,227.78,125.02,0.2,4,102.76
ORD-000143,West,Electronics,2024-01-19,627.2,399.82,0.15,3,227.38
ORD-000144,West,Electronics,2024-01-27,996.11,562.17,0.09,5,433.94
ORD-000145,West,Electronics,2024-01-13,1073.77,651.19,0.02,5,422.58
ORD-000146,North,Furniture,2024-01-02,640.43,414.48,0.11,4,225.95
ORD-000147,North,Furniture,2024-01-12,359.41,226.81,0.3,2,132.6
ORD-000148,North,Electronics,2024-01-15,190.13,115.91,0.15,1,74.22
ORD-000149,North,Clothing,2024-01-24,177.93,101.2,0.08,3,76.73
ORD-000150,North,Furniture,2024-01-20,1072.49,716.66,0.33,5,355.83
ORD-000151,North,Electronics,2024-01-13,696.44,404.85,0.02,3,291.59
ORD-000152,North,Electronics,2024-01-26,224.21,131.65,0.01,1,92.56
ORD-000153,North,Electronics,2024-01-18,992.41,641.32,0.21,4,351.09
ORD-000154,North,Groceries,2024-01-01,117.41,89.17,0.06,3,28.24
ORD-000155,North,Clothing,2024-01-24,300.41,196.84,0.16,5,103.57
ORD-000156,North,Clothing,2024-01-28,343.82,220.01,0.11,5,123.81
ORD-000157,North,Clothing,2024-01-17,69.71,40.57,0.11,1,29.14
ORD-000158,North,Electronics,2024-01-01,888.05,498.15,0.06,5,389.9
ORD-000159,North,Clothing,2024-01-20,369.17,209.68,0.31,5,159.49
ORD-000160,North,Furniture,2024-01-04,368.87,269.21,0.06,2,99.66
ORD-000161,North,Furniture,2024-01-28,178.9,109.99,0.35,1,68.91
ORD-000162,North,Furniture,2024-01-04,370.91,282.51,0.19,2,88.4
ORD-000163,North,Clothing,2024-01-08,54.86,33.37,0.1,1,21.49
ORD-000164,North,Clothing,2024-01-24,295.62,179.85,0.08,5,115.77
ORD-000165,North,Groceries,2024-01-08,158.12,118.22,0.14,5,39.9
ORD-000166,North,Clothing,2024-01-21,205.4,129.81,0.34,3,75.59
ORD-000167,North,Furniture,2024-01-15,878.44,656.48,0.18,5,221.96
ORD-000168,North,Furniture,2024-01-03,934.27,634.51,0.24,5,299.76
ORD-000169,North,Electronics,2024-01-27,415.31,244.59,0.3,2,170.72
ORD-000170,North,Groceries,2024-01-06,54.3,42.36,0.31,2,11.94
ORD-000171,North,Furniture,2024-01-15,624.7,459.96,0.27,3,164.74
ORD-000172,North,Furniture,2024-01-03,515.94,391.67,0.28,3,124.27
ORD-000173,North,Electronics,2024-01-06,274.27,154.03,0.34,1,120.24
ORD-000174,North,Furniture,2024-01-21,889.98,604.37,0.11,5,285.61
ORD-000175,North,Clothing,2024-01-17,165.35,100.74,0.33,3,64.61
ORD-000176,North,Furniture,2024-01-06,180.67,122.67,0.05,1,58.0
ORD-000177,North,Electronics,2024-01-20,348.74,246.21,0.09,2,102.53
ORD-000178,North,Electronics,2024-01-22,666.68,400.75,0.07,3,265.93
ORD-000179,North,Electronics,2024-01-15,615.27,368.06,0.02,3,247.21
ORD-000180,North,Furniture,2024-01-27,181.37,126.28,0.04,1,55.09
ORD-000181,North,Electronics,2024-01-09,217.29,150.78,0.32,1,66.51
ORD-000182,North,Groceries,2024-01-28,121.63,80.39,0.05,4,41.24
ORD-000183,North,Electronics,2024-01-16,325.89,224.57,0.22,2,101.32
ORD-000184,North,Furniture,2024-01-05,542.51,346.8,0.3,3,195.71
ORD-000185,North,Furniture,2024-01-21,571.94,386.12,0.14,3,185.82
ORD-000186,North,Clothing,2024-01-22,72.6,47.81,0.04,1,24.79
ORD-000187,North,Groceries,2024-01-03,141.18,113.0,0.06,4,28.18
ORD-000188,North,Furniture,2024-01-13,167.05,122.4,0.3,1,44.65
ORD-000189,North,Groceries,2024-01-10,149.18,103.34,0.09,4,45.84
ORD-000190,North,Electronics,2024-01-27,223.17,151.42,0.18,1,71.75
ORD-000191,South,Furniture,2024-01-16,350.1,222.1,0.04,2,128.0
ORD-000192,South,Groceries,2024-01-14,42.65,28.89,0.19,1,13.76
ORD-000193,South,Electronics,2024-01-08,246.28,141.97,0.32,1,104.31
ORD-000194,South,Electronics,2024-01-18,1270.42,787.75,0.19,5,482.67
ORD-000195,South,Electronics,2024-01-28,1151.72,775.05,0.16,5,376.67
ORD-000196,South,Electronics,2024-01-26,956.78,541.31,0.12,5,415.47
ORD-000197,South,Clothing,2024-01-18,239.94,152.86,0.07,4,87.08
ORD-000198,South,Groceries,2024-01-13,103.63,67.2,0.35,3,36.43
ORD-000199,South,Electronics,2024-01-02,1229.04,710.38,0.05,5,518.66
ORD-000200,South,Clothing,2024-01-12,193.83,110.15,0.25,3,83.68
